,duration_ms,explicit,danceability,energy,loudness,speechiness,acousticness,instrumentalness,liveness,valence,tempo,genre
0,211160,0,0.751,0.834,-5.444,0.0437,0.3,1.77e-05,0.355,0.894,95.053,pop
4,200560,0,0.614,0.928,-4.806,0.0516,0.0408,0.00104,0.0845,0.879,172.656,pop
6,284200,1,0.949,0.661,-4.244,0.0572,0.0302,0.0,0.0454,0.76,104.504,hip hop
10,238759,0,0.617,0.728,-7.932,0.0292,0.0328,0.0482,0.36,0.808,139.066,pop
11,268863,0,0.745,0.958,-9.664,0.0287,0.0813,0.324,0.533,0.96,129.962,pop
12,306333,0,0.822,0.922,-5.798,0.0989,0.0291,0.325,0.252,0.568,163.826,pop
16,245400,0,0.761,0.716,-5.8,0.056,0.396,0.0,0.0771,0.649,119.41,pop
17,214883,0,0.671,0.88,-6.149,0.0552,0.00181,0.691,0.285,0.782,136.953,pop
18,285426,0,0.74,0.876,-6.87,0.0369,0.0173,0.00152,0.0785,0.825,127.002,pop
19,161506,1,0.922,0.909,-2.429,0.27,0.0281,0.0,0.0856,0.309,95.295,hip hop
22,240866,0,0.634,0.677,-7.278,0.0304,0.0117,0.00103,0.126,0.558,135.012,pop
23,244466,1,0.656,0.88,-5.425,0.143,0.0421,0.0,0.294,0.758,85.565,hip hop
32,225973,0,0.736,0.802,-8.527,0.0663,0.00149,0.0876,0.14,0.871,119.854,pop
34,243533,0,0.633,0.922,-4.842,0.0454,0.116,0.000465,0.071,0.686,84.11,pop
37,283066,1,0.88,0.814,-6.307,0.14,0.168,0.00672,0.0584,0.942,138.083,hip hop
43,222293,1,0.924,0.74,-1.299,0.0774,0.0827,0.0,0.163,0.621,133.974,hip hop
45,234960,0,0.63,0.625,-5.088,0.0252,0.231,0.0,0.0765,0.683,167.998,pop
46,201946,0,0.729,0.632,-8.75,0.0279,0.191,0.0,0.166,0.774,109.981,pop
54,227866,1,0.8,0.922,-5.125,0.24,0.301,9.31e-06,0.0352,0.801,98.631,hip hop
61,298960,0,0.742,0.732,-6.046,0.0311,0.0424,0.00446,0.101,0.694,97.922,pop
64,273706,0,0.599,0.47,-8.356,0.0376,0.38,0.0,0.111,0.298,127.177,pop
65,273533,0,0.631,0.734,-7.48,0.036,0.348,0.0,0.135,0.591,124.036,pop
71,202800,0,0.822,0.847,-6.729,0.0917,0.0854,0.0,0.0452,0.668,107.908,pop
72,214819,0,0.751,0.901,-5.802,0.0328,0.0504,0.00308,0.0395,0.973,124.017,pop
76,241373,0,0.634,0.886,-5.424,0.0434,0.154,0.0,0.118,0.577,93.04,pop
82,281466,0,0.581,0.607,-8.458,0.028,0.189,1.6e-06,0.0882,0.213,102.03,pop
83,231760,0,0.491,0.593,-5.975,0.0255,0.098,0.0,0.257,0.328,144.142,pop
84,268746,0,0.631,0.664,-9.197,0.0242,0.0498,0.00042,0.0696,0.407,100.618,pop
86,191040,0,0.644,0.874,-4.666,0.0801,0.0459,2.24e-06,0.0584,0.882,165.09,pop
91,230093,0,0.575,0.786,-4.353,0.0296,0.252,0.0,0.159,0.518,96.102,pop
96,203333,0,0.829,0.915,-3.205,0.106,0.226,1.25e-05,0.246,0.779,118.903,pop
98,206226,0,0.765,0.791,-5.707,0.0317,0.262,0.000154,0.0669,0.966,95.026,pop
102,404106,1,0.78,0.768,-4.325,0.238,0.0371,2.34e-06,0.518,0.507,80.063,hip hop
104,264893,0,0.76,0.801,-3.769,0.0534,0.0144,1.49e-05,0.665,0.653,109.919,pop
108,259933,0,0.481,0.638,-5.862,0.0276,0.153,0.0,0.154,0.497,79.064,pop
109,254640,0,0.637,0.929,-6.03,0.0447,0.063,0.00796,0.318,0.604,136.482,pop
111,203600,0,0.847,0.843,-3.579,0.106,0.415,0.000134,0.107,0.963,110.027,pop
117,220973,0,0.643,0.981,-6.644,0.0439,0.0271,8.93e-05,0.11,0.38,140.01,pop
119,241000,0,0.668,0.772,-5.4,0.0307,0.123,0.0,0.341,0.911,118.011,pop
121,223546,0,0.721,0.737,-2.734,0.0324,0.121,0.0,0.165,0.931,97.996,pop
133,218360,0,0.725,0.583,-9.942,0.0427,0.3,0.000238,0.0665,0.762,79.984,pop
141,340920,1,0.663,0.694,-8.627,0.171,0.0253,0.0,0.0698,0.525,167.953,hip hop
142,266506,1,0.757,0.706,-6.665,0.203,0.0267,0.0,0.197,0.375,96.976,hip hop
146,295400,0,0.878,0.724,-5.373,0.129,0.168,0.0116,0.133,0.904,121.906,pop
149,218626,0,0.631,0.821,-7.853,0.0867,0.00876,0.000247,0.293,0.547,118.007,pop
155,280973,0,0.699,0.618,-7.338,0.0594,0.0502,0.000925,0.0914,0.679,99.965,pop
156,207560,0,0.582,0.707,-4.487,0.0319,0.0822,0.0,0.0467,0.701,78.375,pop
157,195506,0,0.578,0.581,-6.867,0.0318,0.0658,0.0042,0.0674,0.408,83.293,pop
159,197760,1,0.802,0.341,-8.56,0.488,0.169,0.0,0.0783,0.849,166.01,hip hop
160,233626,0,0.822,0.672,-6.133,0.0329,0.0285,0.0,0.213,0.91,117.033,pop
166,201533,0,0.585,0.702,-5.734,0.0325,0.538,0.0,0.216,0.51,139.909,pop
174,162333,0,0.836,0.762,-5.044,0.0598,0.0826,5.48e-05,0.102,0.941,133.592,pop
177,185013,0,0.747,0.706,-4.653,0.0413,0.0844,0.00355,0.174,0.567,94.019,pop
191,240626,1,0.618,0.844,-4.051,0.342,0.0178,0.000126,0.0634,0.697,84.411,hip hop
198,292000,0,0.699,0.403,-8.564,0.0614,0.421,0.0,0.126,0.5,113.922,pop
201,290320,1,0.908,0.669,-2.827,0.0738,0.00286,0.0,0.237,0.662,112.238,hip hop
202,244506,0,0.585,0.776,-5.898,0.0459,0.0572,7.74e-06,0.3,0.427,77.987,pop
204,208600,0,0.558,0.719,-5.113,0.0267,0.0367,0.0,0.115,0.371,112.027,pop
209,297786,1,0.548,0.847,-3.237,0.186,0.0622,0.0,0.0816,0.1,171.447,hip hop
212,276360,0,0.792,0.797,-5.166,0.0901,0.062,0.00325,0.0896,0.491,123.993,pop
214,244466,0,0.583,0.643,-7.486,0.355,0.171,0.0,0.0395,0.7,195.685,pop
223,198600,0,0.682,0.894,-1.73,0.0727,0.0381,0.0,0.416,0.845,95.992,pop
228,207186,0,0.683,0.722,-4.039,0.0358,0.0243,4.2e-05,0.35,0.854,95.012,pop
230,259773,0,0.574,0.691,-5.103,0.035,0.0826,1.65e-05,0.149,0.195,91.969,pop
238,227866,0,0.7,0.72,-6.061,0.0261,0.285,0.0,0.0845,0.654,106.986,pop
239,298853,0,0.64,0.889,-3.073,0.322,0.107,0.0,0.339,0.436,99.931,pop
244,237359,0,0.786,0.614,-6.554,0.0574,0.00616,0.0,0.049,0.742,103.887,pop
251,318213,1,0.64,0.59,-7.442,0.32,0.252,0.0,0.665,0.519,83.133,pop
254,233666,0,0.368,0.426,-8.049,0.0277,0.255,5.39e-06,0.108,0.208,106.52,pop
256,201480,0,0.783,0.726,-8.718,0.106,0.0903,2.53e-06,0.363,0.784,148.062,pop
260,283626,0,0.853,0.811,-4.927,0.0646,0.0439,0.000307,0.0703,0.9,114.964,pop
262,206466,0,0.519,0.874,-5.122,0.034,0.0524,0.0,0.243,0.572,96.072,pop
263,297840,1,0.908,0.758,-4.753,0.174,0.0687,0.0,0.0783,0.87,148.015,hip hop
265,251280,0,0.542,0.589,-6.813,0.0284,0.246,0.0,0.188,0.336,133.838,pop
266,192533,0,0.802,0.903,-3.267,0.046,0.0011,0.0,0.173,0.96,128.93,pop
268,161240,0,0.838,0.764,-5.076,0.0586,0.0862,0.000122,0.0906,0.924,133.592,pop
276,204000,0,0.487,0.9,-4.417,0.0482,6.79e-05,0.0,0.358,0.484,149.937,pop
277,233600,0,0.571,0.953,-5.601,0.0548,0.0011,0.000606,0.226,0.601,137.965,pop
278,231066,0,0.534,0.543,-6.857,0.0245,0.579,0.0,0.112,0.418,78.996,pop
282,206093,0,0.783,0.649,-4.127,0.0322,0.0209,0.00482,0.067,0.665,103.997,pop
283,253600,0,0.745,0.807,-5.191,0.0884,0.0887,1.49e-05,0.0283,0.858,93.967,pop
294,257026,0,0.688,0.538,-7.608,0.0292,0.504,0.0,0.111,0.27,119.998,pop
299,210693,0,0.624,0.85,-4.754,0.0756,0.00234,0.0,0.0621,0.615,98.525,pop
302,322226,1,0.686,0.735,-4.616,0.264,0.00921,0.00066,0.342,0.0596,171.355,hip hop
308,214440,1,0.527,0.834,-5.767,0.0474,0.0411,0.00599,0.105,0.381,179.92,pop
313,205560,1,0.759,0.678,-5.148,0.314,0.23,0.0,0.15,0.327,89.64,hip hop
315,215480,0,0.801,0.645,-6.93,0.0356,0.0457,0.0,0.0357,0.824,110.01,pop
326,223773,0,0.804,0.836,-6.635,0.089,0.32,0.0,0.213,0.85,120.046,pop
327,210066,0,0.564,0.6,-6.814,0.0305,0.183,2.19e-06,0.38,0.442,78.955,pop
328,248546,0,0.581,0.747,-6.682,0.0283,0.0365,1.69e-06,0.193,0.514,146.301,pop
329,267266,0,0.892,0.714,-6.055,0.141,0.201,0.000234,0.0521,0.817,100.972,pop
334,255266,0,0.859,0.658,-4.481,0.192,0.0326,0.00181,0.0651,0.538,98.989,pop
336,222400,0,0.6,0.736,-6.228,0.0329,0.325,0.0,0.137,0.848,158.108,pop
344,164506,1,0.649,0.713,-6.488,0.295,0.000787,0.0,0.318,0.629,101.129,hip hop
350,339546,1,0.668,0.824,-4.164,0.137,0.0017,3.05e-06,0.0426,0.185,163.961,hip hop
358,245960,0,0.435,0.92,-1.357,0.201,0.235,0.000353,0.552,0.45,188.899,pop
366,253720,0,0.837,0.885,-3.914,0.182,0.103,0.0,0.0666,0.694,95.313,hip hop
369,288333,0,0.624,0.654,-6.582,0.183,0.577,0.0,0.104,0.564,73.898,pop
370,199320,0,0.447,0.636,-5.08,0.0278,0.254,9.25e-05,0.11,0.376,105.678,pop
373,281240,1,0.714,0.862,-5.531,0.286,0.0305,0.0,0.0884,0.887,92.849,hip hop
378,181826,0,0.747,0.904,-2.623,0.0803,0.046,0.106,0.203,0.846,118.877,pop
384,240040,0,0.512,0.525,-6.823,0.0401,0.327,3.3e-06,0.081,0.294,169.951,pop
385,267933,1,0.758,0.957,-2.281,0.0357,0.039,0.0,0.133,0.966,111.121,hip hop
394,257026,0,0.688,0.538,-7.608,0.0292,0.504,0.0,0.111,0.27,119.998,pop
398,223066,0,0.457,0.406,-7.462,0.0291,0.08,0.0,0.117,0.208,151.95,pop
399,214733,0,0.641,0.445,-8.674,0.0368,0.145,0.0,0.108,0.383,81.931,pop
401,206200,0,0.712,0.862,-4.612,0.0378,0.0525,0.0,0.093,0.809,95.051,pop
402,198800,0,0.774,0.838,-3.914,0.114,0.0249,0.025,0.242,0.924,143.04,pop
405,257426,0,0.663,0.746,-3.567,0.0321,0.0697,0.0,0.0929,0.325,102.847,pop
408,215431,0,0.809,0.965,-3.947,0.0427,0.177,0.0,0.0577,0.672,130.103,pop
409,247426,1,0.783,0.916,-3.344,0.415,0.11,0.0,0.0746,0.695,95.321,hip hop
410,212266,0,0.598,0.868,-4.552,0.0373,0.00908,0.0,0.279,0.47,99.848,pop
418,235066,1,0.818,0.579,-4.475,0.101,0.023,0.0,0.107,0.354,89.987,pop
421,257333,0,0.833,0.515,-5.0,0.0462,0.347,0.00156,0.116,0.4,97.007,pop
429,213893,0,0.749,0.938,-4.423,0.118,0.0127,1.96e-06,0.103,0.619,111.014,pop
433,245173,1,0.779,0.655,-7.147,0.318,0.0319,2.63e-06,0.339,0.645,163.971,hip hop
435,212413,0,0.348,0.907,-3.66,0.0497,0.000516,0.0,0.161,0.177,185.406,pop
445,248680,1,0.94,0.633,-3.56,0.0467,0.0581,4.04e-05,0.281,0.962,121.003,hip hop
452,192106,0,0.677,0.682,-6.879,0.0361,0.0405,0.0,0.0351,0.875,106.279,hip hop
458,213786,0,0.766,0.851,-4.831,0.0786,0.00402,0.000744,0.256,0.8,115.012,hip hop
459,230306,0,0.398,0.284,-12.852,0.0337,0.966,8.57e-05,0.116,0.114,109.599,pop
465,193733,1,0.637,0.834,-4.686,0.323,0.614,0.0,0.317,0.715,87.312,hip hop
470,202013,0,0.523,0.795,-2.92,0.0386,0.00462,0.0,0.358,0.484,144.106,pop
476,221226,1,0.571,0.739,-6.11,0.247,0.00865,5.21e-06,0.158,0.66,83.089,hip hop
477,185133,0,0.739,0.999,-5.077,0.0803,0.13,0.00224,0.28,0.501,139.982,pop
479,242413,1,0.414,0.936,-2.407,0.0758,0.00136,0.0,0.369,0.74,170.229,pop
480,240040,0,0.512,0.525,-6.823,0.0401,0.327,3.3e-06,0.081,0.294,169.951,pop
484,223506,1,0.657,0.734,-4.832,0.484,0.149,0.0,0.139,0.434,91.03,hip hop
495,296880,1,0.52,0.768,-3.489,0.359,0.0193,0.00034,0.104,0.398,79.178,hip hop
496,189506,0,0.345,0.0581,-17.217,0.0374,0.976,0.000366,0.103,0.304,174.117,pop
497,217440,0,0.505,0.799,-4.286,0.0773,0.0572,0.0,0.11,0.772,174.001,pop
498,214733,0,0.641,0.445,-8.674,0.0368,0.145,0.0,0.108,0.383,81.931,pop
502,207626,1,0.629,0.696,-5.572,0.348,0.0195,0.0,0.0554,0.623,93.034,hip hop
505,209493,1,0.675,0.479,-9.87,0.0278,0.633,1.76e-05,0.088,0.454,81.998,pop
508,233640,0,0.599,0.785,-4.013,0.0309,0.448,0.00336,0.151,0.52,140.046,pop
509,238493,0,0.878,0.699,-5.897,0.132,0.0345,3.37e-06,0.755,0.666,104.838,pop
510,337733,0,0.649,0.647,-7.695,0.0452,0.0039,0.161,0.0686,0.405,125.02,pop
512,168879,0,0.86,0.907,-3.321,0.0407,0.279,0.693,0.0648,0.786,138.045,pop
513,265480,1,0.646,0.796,-6.152,0.366,0.409,0.0,0.107,0.676,83.093,hip hop
527,205733,1,0.687,0.793,-4.254,0.166,0.0603,0.0,0.582,0.751,107.045,hip hop
529,222640,0,0.818,0.705,-6.679,0.177,0.00836,0.00233,0.613,0.772,138.559,hip hop
531,235800,1,0.629,0.532,-7.88,0.0352,0.331,0.0,0.238,0.619,90.098,pop
535,250760,1,0.637,0.678,-3.798,0.266,0.209,0.0,0.156,0.254,84.039,hip hop
537,244999,0,0.76,0.891,-5.852,0.0372,0.0229,0.0869,0.298,0.966,120.264,hip hop
547,239586,0,0.437,0.589,-4.834,0.0331,0.231,0.0,0.0768,0.165,133.631,pop
549,233400,1,0.672,0.814,-3.768,0.27,0.258,0.0,0.164,0.379,97.043,hip hop
562,238053,1,0.794,0.614,-5.352,0.0467,0.0964,0.0,0.0788,0.663,80.569,hip hop
573,241066,0,0.129,0.358,-6.596,0.0314,0.631,0.0,0.0886,0.172,75.048,pop
577,219600,0,0.286,0.508,-5.966,0.0336,0.372,0.0,0.27,0.14,68.637,pop
587,204173,0,0.598,0.4,-10.054,0.0241,0.459,0.0,0.151,0.369,96.938,pop
589,296880,1,0.52,0.768,-3.489,0.359,0.0193,0.00034,0.104,0.398,79.178,hip hop
602,242733,1,0.967,0.583,-5.562,0.0789,0.0584,0.0,0.0519,0.964,117.0,pop
611,281880,0,0.589,0.877,-6.229,0.046,0.00121,0.013,0.169,0.443,132.971,pop
619,274440,1,0.963,0.643,-5.785,0.117,0.0507,4.94e-05,0.157,0.534,107.005,hip hop
623,209666,0,0.741,0.869,-6.534,0.0816,0.096,0.0,0.0396,0.839,126.069,pop
629,286186,1,0.833,0.628,-7.041,0.141,0.0949,1.6e-06,0.282,0.645,106.328,hip hop
631,223066,0,0.5,0.498,-6.087,0.026,0.527,0.0,0.123,0.182,79.798,pop
632,276160,0,0.771,0.68,-5.881,0.224,0.277,1.18e-05,0.682,0.808,119.952,pop
635,202066,0,0.309,0.783,-4.154,0.0405,0.142,1.11e-06,0.118,0.372,175.788,pop
641,197173,1,0.683,0.886,-5.045,0.071,0.000738,0.00188,0.0524,0.566,100.04,pop
642,281320,1,0.618,0.746,-5.476,0.352,0.0553,0.0,0.273,0.75,75.272,hip hop
649,236600,1,0.552,0.846,-4.912,0.342,0.0114,0.0,0.309,0.554,98.56,hip hop
658,244613,0,0.42,0.742,-5.665,0.0375,0.142,0.0,0.145,0.294,149.965,pop
664,196893,1,0.632,0.639,-5.938,0.0259,0.00143,0.0,0.221,0.733,95.506,pop
680,258653,0,0.432,0.261,-12.591,0.0512,0.953,0.00342,0.0903,0.273,89.567,pop
681,228906,0,0.862,0.742,-4.722,0.222,0.00376,0.00855,0.103,0.511,127.91,pop
682,219106,0,0.272,0.203,-9.706,0.0294,0.784,0.0,0.0805,0.172,109.581,pop
683,186173,0,0.489,0.955,-2.771,0.0363,3.82e-05,0.000178,0.334,0.816,129.352,pop
684,167493,0,0.656,0.624,-4.623,0.0691,0.0065,0.0,0.278,0.735,124.082,pop
687,259333,0,0.706,0.8,-6.333,0.0399,0.00584,0.0,0.0822,0.629,100.011,pop
691,262533,0,0.64,0.743,-4.08,0.0379,0.269,0.0,0.101,0.361,122.035,pop
698,208493,0,0.688,0.734,-4.569,0.0274,0.00462,0.0,0.0756,0.46,140.004,pop
702,251240,0,0.788,0.844,-3.131,0.0334,0.25,0.000678,0.0723,0.382,113.324,pop
704,219413,0,0.698,0.844,-4.789,0.0544,0.00253,0.000426,0.124,0.896,105.828,pop
705,232533,0,0.656,0.291,-10.572,0.0293,0.872,0.0,0.114,0.298,103.971,pop
706,448573,0,0.687,0.723,-4.751,0.0709,0.122,0.00102,0.573,0.432,76.0,pop
713,212360,1,0.94,0.743,-5.166,0.0475,0.317,0.0,0.0909,0.932,118.988,pop
719,311866,1,0.617,0.717,-7.858,0.153,0.00564,0.0,0.408,0.49,103.992,hip hop
722,247066,1,0.865,0.45,-9.387,0.0417,0.0359,1.28e-06,0.308,0.352,99.989,pop
725,214386,1,0.709,0.891,-3.688,0.0528,0.00144,0.0,0.034,0.886,141.04,pop
728,271600,1,0.596,0.62,-6.133,0.039,0.0122,0.0,0.82,0.102,80.029,hip hop
735,252973,0,0.606,0.591,-7.228,0.087,0.0756,0.0,0.328,0.477,95.802,pop
739,202066,0,0.309,0.783,-4.154,0.0405,0.142,1.11e-06,0.118,0.372,175.788,pop
741,276160,0,0.771,0.68,-5.881,0.224,0.277,1.18e-05,0.682,0.808,119.952,pop
747,216600,1,0.56,0.959,-2.433,0.102,0.000722,0.000221,0.209,0.669,163.983,pop
760,444333,1,0.859,0.681,-6.247,0.0549,0.34,0.000161,0.213,0.852,121.243,pop
768,211080,1,0.803,0.851,-2.429,0.0357,0.00485,0.000358,0.0577,0.881,113.996,pop
776,232946,0,0.626,0.906,-4.334,0.0403,0.00128,8.52e-06,0.137,0.346,118.035,pop
779,192000,0,0.545,0.932,-2.189,0.0399,0.000665,0.0,0.127,0.464,92.956,pop
780,187733,0,0.675,0.828,-5.799,0.0454,0.0242,0.0102,0.364,0.669,122.229,pop
781,194213,0,0.686,0.789,-4.713,0.23,0.0125,0.0147,0.142,0.72,172.976,pop
783,293066,1,0.801,0.454,-6.035,0.0371,0.225,0.0,0.226,0.34,125.139,pop
784,280026,0,0.72,0.668,-7.928,0.0269,0.0652,0.00664,0.0789,0.768,123.007,pop
789,240493,0,0.457,0.719,-3.921,0.0323,0.191,0.0,0.228,0.168,142.034,pop
791,235173,0,0.673,0.913,-4.981,0.0664,0.0304,0.00298,0.113,0.587,124.484,pop
795,206520,0,0.423,0.94,-4.012,0.0635,0.00166,0.0,0.178,0.505,149.934,pop
796,237760,0,0.357,0.774,-4.226,0.034,0.0376,0.0,0.348,0.348,164.054,pop
801,179640,0,0.699,0.76,-3.173,0.0677,0.00223,0.0,0.132,0.696,129.996,pop
812,190013,0,0.493,0.849,-6.139,0.0576,0.000337,0.00672,0.355,0.483,127.999,hip hop
813,196053,0,0.712,0.911,-3.866,0.0445,0.689,8.02e-06,0.107,0.85,117.533,pop
815,148186,0,0.639,0.976,-5.503,0.354,0.0213,0.0,0.0856,0.354,147.99,pop
816,237506,1,0.639,0.628,-7.578,0.0399,0.0381,0.0,0.386,0.43,90.482,hip hop
817,189693,0,0.753,0.931,-4.922,0.0652,0.00994,0.00696,0.234,0.767,113.029,pop
818,220226,0,0.706,0.841,-3.956,0.0418,7.95e-05,0.0,0.0688,0.861,132.032,pop
821,240746,0,0.83,0.857,-4.194,0.152,0.262,0.0,0.413,0.607,137.982,pop
822,224400,0,0.724,0.695,-5.226,0.0622,0.073,0.0,0.0889,0.235,139.0,pop
826,287906,0,0.837,0.954,-3.512,0.0414,0.0933,0.000405,0.143,0.972,127.019,pop
830,212106,0,0.769,0.638,-5.054,0.216,0.0902,0.0,0.0857,0.782,115.007,pop
835,190453,0,0.692,0.911,-5.098,0.177,0.0149,7.34e-05,0.112,0.801,138.975,pop
836,176453,0,0.645,0.984,-7.051,0.0508,0.164,0.00701,0.164,0.553,144.954,pop
839,210680,0,0.632,0.972,-2.423,0.121,0.121,7.74e-05,0.0317,0.845,87.0,pop
846,203440,0,0.726,0.881,-3.892,0.0391,0.203,0.0,0.108,0.682,110.019,pop
848,203493,1,0.667,0.747,-7.059,0.189,0.337,0.0,0.115,0.918,86.917,hip hop
854,215160,1,0.534,0.87,-3.078,0.0425,0.000334,0.0,0.241,0.462,126.019,pop
855,270306,0,0.76,0.524,-7.67,0.0323,0.0542,0.5,0.112,0.112,119.603,hip hop
877,223853,0,0.492,0.859,-4.274,0.0332,0.0659,0.0,0.0756,0.251,92.474,pop
878,217826,0,0.177,0.425,-6.211,0.0291,0.654,0.0,0.195,0.0942,182.571,pop
883,207000,1,0.439,0.808,-6.881,0.346,0.00305,0.0,0.439,0.487,82.962,hip hop
885,213520,0,0.57,0.664,-4.718,0.0322,0.00836,1.2e-05,0.0719,0.487,162.084,pop
893,175093,0,0.667,0.954,-3.462,0.0817,0.0296,0.0,0.331,0.807,114.03,pop
901,237200,0,0.851,0.806,-4.62,0.0787,0.118,1.64e-06,0.121,0.787,118.999,pop
905,236266,0,0.617,0.741,-3.97,0.0311,0.131,0.0,0.0772,0.306,118.984,pop
907,192360,0,0.791,0.733,-5.215,0.052,0.147,0.000381,0.0713,0.761,114.98,pop
908,216333,0,0.894,0.678,-5.611,0.0523,0.00569,2.43e-06,0.317,0.844,105.024,pop
912,211000,0,0.79,0.647,-5.983,0.136,0.0515,0.0,0.248,0.654,87.999,hip hop
913,221240,0,0.88,0.443,-6.359,0.0653,0.462,7.13e-06,0.122,0.803,138.018,hip hop
914,241933,0,0.822,0.739,-4.541,0.0311,0.0264,4.26e-05,0.181,0.745,118.992,pop
915,216520,0,0.717,0.587,-7.296,0.0339,0.0192,0.0,0.0523,0.544,129.954,pop
922,208306,0,0.762,0.692,-3.973,0.0438,0.113,0.0,0.094,0.397,114.906,pop
923,276920,1,0.491,0.956,-1.538,0.392,0.0295,0.0,0.46,0.811,173.585,hip hop
924,238000,0,0.529,0.948,-3.527,0.0474,0.258,9.35e-06,0.283,0.65,146.024,pop
929,267520,1,0.632,0.924,-1.802,0.29,0.281,0.0,0.263,0.441,86.844,hip hop
930,294573,1,0.696,0.921,-3.755,0.0363,0.00314,5.24e-05,0.0842,0.714,119.001,pop
932,269613,0,0.924,0.853,-1.203,0.0792,0.107,1.45e-06,0.129,0.67,114.003,hip hop
943,297520,1,0.516,0.874,-2.571,0.186,0.0864,0.0,0.173,0.391,169.561,hip hop
944,251440,0,0.614,0.792,-4.907,0.0299,0.0653,0.0,0.195,0.407,91.066,pop
947,196640,0,0.894,0.93,-4.577,0.0712,0.0355,0.0,0.0759,0.968,120.02,pop
951,312986,0,0.74,0.945,-4.442,0.0889,0.123,0.0,0.112,0.629,130.015,pop
952,206480,0,0.67,0.866,-3.684,0.0538,0.0115,0.0,0.358,0.636,140.029,pop
956,270306,0,0.76,0.524,-7.67,0.0323,0.0542,0.5,0.112,0.112,119.603,hip hop
960,201213,1,0.719,0.861,-6.982,0.0402,0.0447,0.00989,0.219,0.948,121.491,pop
969,215866,0,0.691,0.853,-2.528,0.0372,0.0631,7.13e-05,0.082,0.762,145.999,pop
978,226706,0,0.44,0.976,-3.17,0.141,0.00177,3.39e-06,0.16,0.412,150.005,pop
980,224693,0,0.516,0.764,-6.223,0.0366,0.0717,0.0,0.115,0.376,148.021,pop
981,195586,0,0.705,0.783,-5.971,0.0327,0.0703,0.0,0.36,0.656,140.022,pop
983,256613,0,0.23,0.492,-5.767,0.0317,0.568,8.18e-06,0.176,0.262,160.139,pop
984,207120,1,0.661,0.847,-6.948,0.0404,0.419,8.82e-05,0.107,0.522,134.002,pop
988,202066,0,0.652,0.698,-4.667,0.042,0.00112,0.000115,0.0886,0.47,96.021,pop
993,231146,0,0.687,0.771,-4.424,0.0384,0.164,2.46e-05,0.112,0.445,129.964,pop
996,199186,0,0.524,0.878,-3.108,0.0346,0.0012,0.0,0.098,0.59,130.989,pop
999,241853,0,0.338,0.803,-5.412,0.0413,0.0187,0.0,0.136,0.4,151.994,pop
1000,220734,0,0.635,0.841,-5.379,0.0422,0.0134,0.0,0.0622,0.424,109.021,pop
1001,263373,1,0.749,0.925,-5.034,0.227,0.241,0.0,0.52,0.641,86.989,hip hop
1002,294573,1,0.696,0.921,-3.755,0.0363,0.00314,5.24e-05,0.0842,0.714,119.001,pop
1003,206066,0,0.791,0.59,-9.206,0.0793,0.0994,0.00203,0.065,0.714,119.951,pop
1008,234653,0,0.791,0.754,-3.729,0.0569,0.00446,0.0,0.163,0.425,125.014,pop
1010,217036,0,0.817,0.939,-6.079,0.28,0.0798,0.441,0.431,0.599,128.0,pop
1018,184573,0,0.799,0.783,-3.896,0.0322,0.0346,0.0186,0.0757,0.586,127.041,pop
1022,248133,1,0.855,0.954,-1.19,0.264,0.529,0.0,0.205,0.668,114.635,hip hop
1023,274213,0,0.623,0.793,-6.63,0.0462,0.000397,0.0015,0.375,0.36,98.998,pop
1037,217866,0,0.498,0.59,-4.721,0.032,0.511,0.0,0.107,0.0784,145.867,pop
1038,168213,0,0.63,0.91,-2.919,0.144,0.0287,0.0,0.196,0.743,116.98,pop
1040,220640,0,0.824,0.836,-5.903,0.0404,0.00521,0.000817,0.112,0.716,122.014,pop
1044,227320,0,0.438,0.672,-4.706,0.0429,0.0055,0.0,0.0583,0.457,185.934,pop
1050,216200,0,0.703,0.81,-4.874,0.0424,0.000315,0.0,0.216,0.726,102.978,pop
1054,214240,0,0.728,0.859,-5.237,0.137,0.0401,0.0,0.111,0.535,65.043,pop
1068,289359,0,0.514,0.83,-6.077,0.044,0.0378,1.43e-06,0.122,0.138,100.631,pop
1084,253906,1,0.637,0.69,-3.214,0.0693,0.417,0.0,0.211,0.103,140.329,hip hop
1087,227741,0,0.719,0.798,-4.582,0.0361,0.0162,2.34e-06,0.134,0.591,120.011,pop
1093,293026,0,0.529,0.67,-4.663,0.0303,0.117,0.0,0.334,0.286,141.893,pop
1095,212506,0,0.589,0.893,-2.948,0.0397,0.0273,0.0,0.343,0.94,92.011,pop
1096,226000,0,0.443,0.683,-5.521,0.0343,0.0198,5.26e-06,0.313,0.447,81.986,pop
1101,201493,0,0.722,0.761,-4.459,0.0475,0.0117,0.0,0.315,0.624,128.044,pop
1103,227893,0,0.638,0.832,-5.039,0.049,0.141,0.0,0.113,0.648,124.071,pop
1104,222091,0,0.704,0.558,-7.273,0.0542,0.148,0.0,0.107,0.245,110.444,pop
1121,229573,0,0.62,0.869,-5.252,0.175,0.0181,0.0,0.369,0.76,151.684,pop
1122,210266,0,0.696,0.546,-6.55,0.0414,0.00379,3.8e-06,0.332,0.787,130.002,pop
1124,184573,0,0.799,0.783,-3.896,0.0322,0.0346,0.0186,0.0757,0.586,127.041,pop
1136,237946,0,0.693,0.705,-5.747,0.0665,0.0228,0.0,0.202,0.45,131.951,pop
1137,274600,1,0.54,0.856,-3.966,0.1,0.109,0.0,0.276,0.258,153.071,pop
1140,230746,0,0.649,0.815,-3.796,0.0415,0.00125,4.31e-05,0.671,0.765,126.03,pop
1142,283733,1,0.594,0.946,-4.521,0.452,0.0869,0.0,0.306,0.397,155.826,hip hop
1155,299613,1,0.531,0.803,-3.284,0.0717,0.0796,1.71e-05,0.176,0.221,142.113,hip hop
1160,220706,0,0.578,0.926,-3.689,0.0548,0.00472,0.0127,0.14,0.877,149.976,pop
1165,186851,0,0.753,0.88,-4.689,0.0806,0.087,0.0,0.24,0.794,115.057,hip hop
1166,260253,0,0.587,0.828,-5.108,0.161,0.00327,0.0,0.331,0.494,123.907,pop
1168,165908,1,0.636,0.901,-7.094,0.118,0.119,0.0,0.391,0.836,162.994,hip hop
1176,253306,1,0.634,0.69,-7.804,0.052,0.0771,0.0,0.132,0.645,94.988,pop
1178,189109,0,0.794,0.711,-5.124,0.0699,0.3,0.0,0.0955,0.955,174.915,pop
1185,213413,1,0.563,0.671,-4.788,0.0373,0.0422,0.0,0.36,0.45,91.964,pop
1187,320546,0,0.583,0.768,-6.477,0.041,0.000323,0.0162,0.109,0.357,127.952,pop
1193,202960,1,0.7,0.709,-5.006,0.0838,0.0048,0.0,0.029,0.624,122.019,pop
1194,246587,0,0.349,0.348,-6.142,0.0316,0.726,0.0,0.12,0.0886,74.541,pop
1195,230192,0,0.621,0.82,-4.865,0.0367,0.332,0.0,0.104,0.452,144.905,pop
1198,197577,0,0.597,0.115,-9.217,0.0334,0.82,0.000215,0.111,0.128,111.202,pop
1199,285120,0,0.421,0.407,-7.445,0.0267,0.309,0.000961,0.11,0.161,139.028,pop
1209,219333,1,0.789,0.858,-5.542,0.311,0.127,0.0,0.349,0.775,140.022,hip hop
1210,219546,0,0.716,0.821,-3.435,0.0314,0.0558,0.0,0.0844,0.618,92.997,pop
1217,313786,1,0.716,0.485,-7.745,0.404,0.123,2.69e-05,0.604,0.26,74.132,hip hop
1219,329320,1,0.563,0.496,-9.381,0.406,0.0685,5.8e-05,0.173,0.426,139.993,hip hop
1222,219493,0,0.727,0.937,-2.871,0.286,0.00417,0.0,0.091,0.749,132.067,pop
1227,233478,0,0.726,0.698,-4.165,0.0431,0.049,0.0,0.309,0.867,143.994,pop
1232,216160,0,0.678,0.918,-4.63,0.0355,0.000417,0.0,0.0744,0.769,130.028,pop
1234,350120,1,0.487,0.729,-6.815,0.271,0.0538,4.07e-06,0.44,0.217,91.048,hip hop
1235,212360,0,0.821,0.676,-6.366,0.0547,0.187,0.0001,0.0927,0.559,119.012,pop
1238,231173,1,0.743,0.752,-4.813,0.0414,0.0188,0.0,0.287,0.545,110.015,pop
1239,209440,0,0.376,0.695,-4.782,0.0933,0.135,0.0,0.11,0.302,169.533,pop
1255,171333,0,0.717,0.55,-6.019,0.0519,0.0358,0.00198,0.126,0.331,96.979,pop
1258,219720,0,0.622,0.469,-6.798,0.0363,0.00454,2.25e-06,0.0335,0.679,77.019,pop
1260,247906,0,0.674,0.628,-7.079,0.03,0.00144,0.0,0.0944,0.552,103.998,pop
1263,229466,0,0.571,0.873,-3.382,0.1,0.0811,0.0,0.361,0.613,139.691,pop
1268,250080,0,0.61,0.863,-2.632,0.206,0.186,0.0,0.097,0.508,83.993,pop
1269,227333,0,0.687,0.792,-4.023,0.0353,0.000802,0.0,0.2,0.864,133.962,pop
1273,199986,0,0.726,0.787,-2.494,0.0737,0.009,0.0,0.0596,0.888,124.99,pop
1274,286253,0,0.18,0.636,-6.591,0.0439,0.209,0.000133,0.217,0.39,75.223,pop
1280,195973,0,0.765,0.837,-3.113,0.032,0.00107,1.06e-05,0.0801,0.721,122.028,pop
1283,200186,0,0.658,0.837,-2.063,0.0543,0.0629,0.0,0.0969,0.936,126.015,pop
1290,220946,0,0.514,0.683,-5.099,0.0367,0.0749,2.64e-06,0.392,0.575,159.814,pop
1293,289080,1,0.373,0.686,-5.52,0.034,0.128,1.96e-06,0.383,0.189,93.763,pop
1295,205346,0,0.651,0.695,-3.218,0.0487,0.23,0.0,0.144,0.569,123.008,pop
1297,219733,0,0.738,0.875,-3.141,0.127,0.000673,0.000556,0.285,0.538,114.962,pop
1298,257720,0,0.576,0.835,-6.826,0.0486,0.337,0.0,0.082,0.476,150.017,pop
1304,233478,0,0.726,0.698,-4.165,0.0431,0.049,0.0,0.309,0.867,143.994,pop
1308,232146,0,0.733,0.818,-7.222,0.0859,0.0241,0.0,0.0636,0.253,116.019,pop
1311,244360,1,0.445,0.537,-8.532,0.04,0.695,1.65e-05,0.0944,0.131,122.769,pop
1321,247853,1,0.63,0.816,-6.535,0.15,0.124,0.00111,0.0616,0.85,128.012,pop
1324,192693,0,0.652,0.783,-4.829,0.0309,0.000189,0.0173,0.0889,0.836,117.952,pop
1325,210840,0,0.504,0.785,-4.802,0.104,0.0738,0.0,0.239,0.502,173.968,pop
1327,227986,0,0.602,0.843,-4.831,0.0593,0.000688,5.27e-05,0.0682,0.526,128.003,pop
1328,250188,1,0.781,0.853,-3.68,0.0715,0.0525,0.0,0.12,0.624,110.049,hip hop
1330,231986,0,0.546,0.787,-4.1,0.0517,0.0101,0.00021,0.0809,0.573,79.979,pop
1331,230733,1,0.457,0.823,-4.76,0.311,0.00144,0.0,0.108,0.578,192.205,pop
1334,188013,1,0.578,0.825,-6.107,0.322,0.000986,0.0,0.176,0.283,130.089,hip hop
1335,214912,0,0.572,0.81,-5.791,0.0558,0.0157,6.53e-06,0.13,0.11,126.052,pop
1336,238746,1,0.739,0.872,-4.059,0.333,0.0217,0.0,0.26,0.684,95.084,hip hop
1342,157293,0,0.489,0.867,-3.121,0.071,0.025,0.0,0.586,0.409,162.131,pop
1343,219720,0,0.622,0.469,-6.798,0.0363,0.00454,2.25e-06,0.0335,0.679,77.019,pop
1348,233786,1,0.853,0.693,-6.87,0.275,0.0239,0.0,0.11,0.662,95.967,hip hop
1349,247906,0,0.674,0.628,-7.079,0.03,0.00144,0.0,0.0944,0.552,103.998,pop
1350,213708,0,0.703,0.867,-4.292,0.0453,0.107,0.0,0.119,0.546,128.008,hip hop
1354,204285,0,0.69,0.636,-6.028,0.0457,0.0203,0.0,0.147,0.8,96.0,pop
1360,228878,0,0.555,0.729,-4.813,0.0387,0.00357,0.0,0.209,0.369,129.003,pop
1364,252106,0,0.474,0.707,-4.534,0.0253,0.0831,0.0,0.162,0.224,83.235,pop
1367,223546,0,0.554,0.772,-4.821,0.0418,0.00487,6.6e-06,0.354,0.455,179.984,pop
1370,338413,1,0.676,0.534,-6.901,0.0831,0.0594,8.59e-06,0.256,0.156,145.082,hip hop
1371,200946,0,0.715,0.872,-3.835,0.0509,0.00351,3.84e-05,0.107,0.748,93.043,pop
1374,200106,0,0.652,0.877,-2.986,0.0465,0.0227,0.0,0.0789,0.486,118.491,pop
1377,221360,0,0.53,0.422,-6.262,0.0342,0.407,0.0,0.107,0.349,119.964,pop
1381,484146,0,0.574,0.512,-6.664,0.0503,0.234,0.0,0.0946,0.512,76.899,pop
1382,178560,1,0.874,0.692,-5.28,0.0431,0.0412,7.24e-05,0.324,0.937,116.017,pop
1384,231240,0,0.613,0.622,-5.794,0.0334,0.00882,0.0,0.37,0.484,80.003,pop
1385,241160,1,0.667,0.61,-7.054,0.217,0.322,0.000203,0.426,0.465,99.991,hip hop
1387,250706,0,0.439,0.489,-6.286,0.0368,0.132,0.000643,0.114,0.253,143.808,pop
1389,238000,0,0.575,0.821,-5.7,0.0527,0.181,0.0,0.124,0.449,118.021,pop
1390,225066,0,0.656,0.674,-5.473,0.0269,0.00242,0.0,0.255,0.369,120.001,pop
1391,235662,1,0.681,0.463,-6.542,0.289,0.128,0.0,0.0769,0.661,82.92,hip hop
1392,214080,1,0.483,0.871,-3.084,0.101,0.015,0.0,0.415,0.716,164.986,pop
1393,232120,0,0.661,0.729,-6.561,0.0376,0.00215,0.0013,0.0477,0.668,103.987,pop
1394,252866,0,0.509,0.538,-7.335,0.0572,0.385,0.0,0.104,0.244,75.089,pop
1395,227026,0,0.645,0.878,-3.208,0.113,0.294,0.0,0.076,0.862,82.324,pop
1397,326280,1,0.795,0.596,-3.799,0.219,0.103,0.0,0.164,0.357,101.985,pop
1398,213826,0,0.612,0.28,-8.648,0.0434,0.932,0.0,0.088,0.387,72.795,pop
1401,215672,0,0.647,0.585,-6.123,0.0512,0.00314,0.0,0.165,0.353,131.934,pop
1404,231013,0,0.279,0.742,-6.46,0.0898,0.000185,0.0,0.593,0.328,189.868,pop
1405,172723,0,0.418,0.42,-6.444,0.0414,0.588,6.39e-05,0.11,0.184,84.094,pop
1407,216120,0,0.399,0.787,-2.88,0.0499,0.0197,6.07e-05,0.0685,0.572,117.089,pop
1410,187920,1,0.807,0.887,-3.726,0.0503,0.0573,2.87e-06,0.124,0.961,134.052,pop
1417,189840,0,0.737,0.723,-5.51,0.0295,0.0179,0.0,0.0675,0.893,120.003,pop
1421,211933,0,0.646,0.794,-6.104,0.19,0.0885,6.16e-06,0.201,0.287,170.216,pop
1432,257386,0,0.663,0.705,-4.972,0.0385,0.0654,0.0,0.117,0.477,122.014,pop
1441,193733,0,0.545,0.783,-4.261,0.0345,0.00489,0.0,0.132,0.551,174.084,pop
1447,214840,0,0.687,0.702,-5.324,0.0455,0.0064,4.35e-05,0.204,0.284,129.956,pop
1451,224226,0,0.719,0.935,-3.752,0.0589,0.167,0.0,0.0973,0.738,120.022,pop
1455,219840,0,0.806,0.608,-7.008,0.0659,0.0113,0.0,0.635,0.849,95.049,pop
1456,236133,0,0.472,0.714,-4.389,0.0334,0.00937,0.0,0.0764,0.24,98.992,pop
1462,231000,0,0.588,0.791,-5.595,0.0402,0.00245,0.00258,0.118,0.487,94.933,pop
1465,193920,0,0.66,0.805,-5.352,0.153,0.0192,8.83e-06,0.159,0.625,103.008,pop
1467,228133,0,0.536,0.768,-5.948,0.0347,0.00433,0.0,0.114,0.545,77.217,pop
1469,227360,0,0.616,0.789,-4.874,0.0377,0.053,0.0,0.142,0.621,83.066,pop
1471,202496,0,0.494,0.951,-4.237,0.132,0.000569,0.0,0.327,0.441,160.025,pop
1473,219200,0,0.647,0.8,-5.384,0.165,0.0647,0.0,0.334,0.942,160.078,pop
1474,226600,0,0.672,0.52,-7.747,0.0353,0.859,0.0,0.115,0.37,120.001,pop
1475,235382,0,0.818,0.67,-4.451,0.0472,0.304,1.22e-06,0.0601,0.939,119.988,pop
1478,198306,0,0.65,0.786,-5.488,0.0463,0.019,0.0,0.323,0.446,124.96,pop
1482,257200,0,0.421,0.791,-4.998,0.0496,0.0117,1.48e-05,0.146,0.499,130.075,pop
1483,245493,0,0.6,0.663,-5.802,0.0477,0.225,0.0,0.119,0.286,121.07,pop
1484,185200,0,0.5,0.292,-8.554,0.0323,0.746,0.0,0.188,0.37,145.879,pop
1486,237626,0,0.719,0.671,-6.279,0.0336,0.0372,8.21e-06,0.12,0.786,130.027,pop
1490,235493,1,0.744,0.783,-7.077,0.0337,0.0553,0.0,0.086,0.885,120.042,pop
1492,300840,0,0.581,0.0549,-20.514,0.0397,0.559,0.0,0.0718,0.234,152.037,pop
1496,192670,0,0.688,0.841,-5.217,0.179,0.204,0.000295,0.229,0.743,133.912,pop
1499,222213,1,0.685,0.709,-3.578,0.0748,0.0132,0.0,0.452,0.504,93.047,pop
1500,269666,1,0.856,0.609,-7.223,0.0824,0.00801,8.15e-05,0.0344,0.928,114.988,pop
1501,281560,0,0.781,0.445,-6.061,0.0295,0.474,0.0,0.184,0.591,78.998,pop
1503,205680,0,0.845,0.567,-8.118,0.0956,0.59,0.00142,0.0811,0.793,125.02,pop
1509,214746,1,0.586,0.613,-5.593,0.0386,0.00441,0.000183,0.0853,0.319,114.101,pop
1510,231826,0,0.76,0.703,-5.412,0.054,0.103,0.0,0.0913,0.57,95.997,pop
1516,208330,1,0.703,0.736,-5.709,0.046,0.186,1.92e-05,0.174,0.274,119.955,pop
1518,200106,0,0.654,0.655,-7.388,0.106,0.0294,0.0,0.139,0.221,170.16,pop
1525,177184,1,0.886,0.427,-10.028,0.145,0.0312,0.00099,0.0906,0.23,108.034,hip hop
1528,224573,0,0.884,0.765,-3.865,0.0882,0.063,7.04e-06,0.118,0.594,99.987,pop
1530,167065,0,0.656,0.627,-6.627,0.0379,0.343,2.17e-05,0.124,0.481,99.933,pop
1535,220440,0,0.553,0.664,-7.417,0.0741,0.0709,0.0056,0.106,0.467,140.06,pop
1541,192120,0,0.73,0.703,-5.672,0.0369,0.109,0.0,0.0657,0.595,138.113,pop
1544,205745,1,0.594,0.749,-6.251,0.0677,0.00188,0.000139,0.0869,0.344,130.064,pop
1545,270589,0,0.583,0.785,-3.991,0.0337,0.0012,0.0127,0.124,0.355,91.977,pop
1546,229080,0,0.672,0.593,-4.01,0.0304,0.0223,0.0,0.214,0.438,98.02,pop
1549,185131,0,0.819,0.768,-8.522,0.134,0.234,0.0,0.334,0.964,139.982,hip hop
1555,257573,1,0.536,0.486,-11.067,0.0346,0.244,0.00788,0.12,0.0968,131.988,pop
1559,217906,0,0.757,0.884,-5.488,0.0404,0.00795,5.87e-05,0.0973,0.398,120.012,pop
1560,280757,0,0.383,0.43,-8.644,0.0302,0.817,1.04e-06,0.0869,0.174,107.005,pop
1562,236133,0,0.472,0.714,-4.389,0.0334,0.00937,0.0,0.0764,0.24,98.992,pop
1566,227480,0,0.509,0.671,-5.709,0.0678,0.304,0.0,0.0452,0.55,118.413,pop
1569,221560,1,0.6,0.676,-6.447,0.0652,0.154,0.0,0.0741,0.217,88.928,pop
1572,231000,0,0.588,0.791,-5.595,0.0402,0.00245,0.00258,0.118,0.487,94.933,pop
1574,278987,0,0.261,0.302,-8.19,0.0339,0.769,2.57e-06,0.0863,0.0883,81.418,pop
1581,206880,0,0.746,0.754,-6.684,0.0676,0.0152,0.0,0.0486,0.746,149.882,pop
1583,227373,0,0.616,0.789,-4.874,0.0377,0.053,0.0,0.142,0.621,83.066,pop
1593,200786,0,0.654,0.76,-3.669,0.045,0.0797,0.0,0.299,0.41,99.945,pop
1594,197266,0,0.628,0.593,-5.036,0.0323,0.093,1.65e-06,0.096,0.104,125.026,pop
1595,211773,0,0.777,0.896,-4.467,0.0619,0.0352,0.0,0.317,0.843,111.987,pop
1596,230333,0,0.647,0.823,-5.231,0.0762,0.0598,0.0,0.119,0.396,99.933,pop
1598,182666,0,0.775,0.825,-5.402,0.0464,0.0506,1.03e-06,0.111,0.95,139.091,pop
1602,233720,0,0.609,0.378,-9.828,0.438,0.835,0.0,0.28,0.515,100.418,pop
1607,224813,0,0.592,0.8,-4.931,0.215,0.0561,2.01e-06,0.0775,0.728,89.972,pop
1608,169773,0,0.552,0.689,-6.444,0.0425,0.0915,0.0,0.27,0.349,99.961,pop
1611,200786,0,0.654,0.76,-3.669,0.045,0.0797,0.0,0.299,0.41,99.945,pop
1612,236001,0,0.666,0.83,-5.715,0.0751,0.0123,0.0,0.191,0.702,113.03,pop
1627,213506,0,0.557,0.803,-3.599,0.213,0.0124,1.61e-06,0.737,0.657,92.134,pop
1628,187957,0,0.532,0.868,-4.23,0.0908,0.011,0.0,0.0584,0.529,110.127,pop
1637,226160,1,0.648,0.738,-5.883,0.247,0.0408,0.0,0.292,0.603,159.145,pop
1639,223853,0,0.687,0.761,-4.582,0.0876,0.102,0.0,0.147,0.743,113.939,pop
1640,229080,0,0.672,0.593,-4.01,0.0304,0.0223,0.0,0.214,0.438,98.02,pop
1645,235946,0,0.677,0.604,-5.32,0.0385,0.0612,0.0,0.353,0.297,134.052,pop
1647,217706,0,0.728,0.563,-8.053,0.134,0.621,0.0,0.179,0.352,100.017,pop
1653,244453,0,0.623,0.734,-5.948,0.107,0.0162,1.75e-06,0.145,0.37,107.853,pop
1654,187973,0,0.444,0.819,-4.078,0.341,0.106,0.0,0.107,0.747,82.695,pop
1660,219146,1,0.774,0.753,-5.446,0.0517,0.152,0.0,0.0371,0.896,119.002,pop
1665,214480,0,0.803,0.585,-5.861,0.0432,0.103,3.94e-06,0.0644,0.593,105.017,pop
1672,199133,0,0.696,0.517,-8.379,0.0366,0.364,0.0,0.197,0.23,112.291,pop
1673,234213,0,0.654,0.623,-5.273,0.082,0.253,0.0,0.144,0.401,123.996,pop
1678,215413,0,0.632,0.702,-5.92,0.148,0.0114,0.0,0.108,0.523,162.958,pop
1685,210226,0,0.668,0.725,-6.127,0.266,0.0102,0.000479,0.0561,0.729,191.944,pop
1689,210573,0,0.689,0.791,-5.194,0.053,0.023,0.0,0.0526,0.755,95.04,pop
1691,198236,1,0.464,0.771,-4.503,0.336,0.0235,0.0,0.063,0.69,158.777,hip hop
1696,246240,0,0.773,0.747,-4.061,0.0889,0.0239,8.23e-06,0.11,0.8,126.014,pop
1700,233712,0,0.825,0.652,-3.183,0.0802,0.581,0.0,0.0931,0.931,95.977,pop
1703,201000,0,0.681,0.372,-8.237,0.0432,0.64,0.0,0.169,0.476,91.873,pop
1705,216896,0,0.768,0.517,-4.323,0.0312,0.186,3.8e-05,0.104,0.418,104.992,pop
1707,214265,0,0.783,0.61,-6.124,0.0696,0.343,0.0,0.0983,0.418,100.047,pop
1709,263400,0,0.599,0.448,-6.312,0.0232,0.163,0.0,0.106,0.168,95.05,pop
1715,234308,1,0.697,0.716,-6.288,0.113,0.118,0.0,0.0424,0.506,99.905,pop
1717,231546,1,0.534,0.583,-8.672,0.0288,0.0262,0.0,0.421,0.145,105.997,hip hop
1720,220306,1,0.884,0.347,-8.227,0.35,0.015,7e-06,0.0871,0.376,75.016,hip hop
1729,182706,1,0.732,0.75,-6.366,0.231,0.00264,0.0,0.109,0.401,155.096,hip hop
1731,177184,1,0.886,0.427,-10.028,0.145,0.0312,0.00099,0.0906,0.23,108.034,hip hop
1734,181812,1,0.791,0.582,-7.323,0.286,0.0114,0.0,0.35,0.443,162.991,hip hop
1739,177000,1,0.906,0.625,-6.779,0.0903,0.000243,3.23e-05,0.0975,0.423,150.018,hip hop
1740,186112,0,0.708,0.618,-4.424,0.0592,0.0204,6.81e-06,0.062,0.265,123.013,pop
1741,211475,0,0.774,0.626,-4.432,0.0432,0.0969,3.12e-05,0.0848,0.777,100.041,pop
1746,124055,1,0.936,0.523,-6.71,0.0597,0.239,0.0,0.117,0.699,119.889,hip hop
1747,211853,0,0.766,0.709,-6.471,0.123,0.204,1.41e-05,0.126,0.506,128.07,pop
1749,268186,1,0.497,0.489,-7.724,0.294,0.0576,9.91e-05,0.122,0.231,171.853,hip hop
1750,185946,1,0.636,0.517,-6.759,0.36,0.00402,0.0,0.0874,0.394,139.928,hip hop
1751,209269,1,0.839,0.81,-5.274,0.0568,0.501,0.0,0.117,0.814,129.014,hip hop
1752,119133,1,0.872,0.391,-9.144,0.242,0.469,4.13e-06,0.297,0.437,134.021,hip hop
1758,208186,0,0.613,0.764,-6.509,0.136,0.0527,0.0,0.197,0.417,160.015,pop
1761,199440,0,0.857,0.8,-4.035,0.0583,0.381,0.0,0.0913,0.966,121.996,pop
1763,197640,0,0.538,0.804,-5.194,0.0358,0.0041,0.0,0.33,0.507,144.992,pop
1764,212000,0,0.763,0.72,-5.181,0.0691,0.00261,1.11e-05,0.114,0.592,116.01,pop
1769,220293,1,0.63,0.804,-4.183,0.0363,0.215,0.0,0.253,0.492,123.146,hip hop
1772,237733,0,0.562,0.8,-5.404,0.112,0.0814,0.0,0.199,0.471,95.029,pop
1776,201256,0,0.401,0.872,-3.641,0.314,0.167,0.0,0.362,0.472,104.592,pop
1780,204502,0,0.869,0.485,-5.595,0.0545,0.246,0.0,0.0765,0.527,106.028,pop
1782,189466,0,0.744,0.739,-5.35,0.0387,0.00459,0.0,0.306,0.649,104.99,pop
1788,264011,0,0.499,0.676,-8.618,0.0582,0.588,0.00484,0.358,0.295,99.979,pop
1790,174600,0,0.588,0.749,-4.323,0.058,0.0037,0.0,0.0813,0.397,130.093,pop
1794,208733,0,0.561,0.674,-4.882,0.0818,0.118,0.0,0.111,0.383,148.127,pop
1797,225983,0,0.818,0.803,-4.282,0.0797,0.034,0.0,0.153,0.632,106.97,pop
1801,218146,1,0.585,0.52,-6.136,0.0712,0.124,7.01e-05,0.131,0.129,159.801,hip hop
1805,239835,1,0.511,0.566,-7.23,0.2,0.349,0.0,0.34,0.218,83.903,hip hop
1809,135090,1,0.921,0.537,-5.723,0.0804,0.556,0.00404,0.102,0.711,128.009,hip hop
1810,205920,0,0.699,0.713,-5.507,0.0594,0.04,3.11e-06,0.294,0.354,121.993,pop
1811,183906,1,0.729,0.625,-5.266,0.0315,0.194,0.00986,0.248,0.261,146.034,hip hop
1823,179404,1,0.931,0.387,-9.127,0.412,0.088,0.0,0.136,0.376,125.978,hip hop
1828,166605,1,0.74,0.613,-4.88,0.145,0.258,0.00372,0.123,0.473,75.023,hip hop
1831,157643,1,0.66,0.775,-4.926,0.172,0.0553,0.0,0.129,0.635,157.036,hip hop
1836,232186,1,0.698,0.633,-4.946,0.0597,0.0605,0.000194,0.0926,0.552,96.924,hip hop
1839,197546,1,0.602,0.658,-5.934,0.0558,0.0233,6e-05,0.237,0.268,145.031,pop
1842,156600,0,0.6,0.688,-8.339,0.201,0.159,1.29e-05,0.409,0.0793,99.977,pop
1844,197993,0,0.724,0.804,-4.614,0.0448,0.124,0.0,0.204,0.306,124.987,pop
1849,203417,0,0.596,0.854,-5.114,0.463,0.0169,0.0,0.124,0.152,120.274,pop
1851,245453,0,0.541,0.787,-4.618,0.0331,0.0167,0.0,0.157,0.2,113.0,pop
1853,121886,0,0.669,0.308,-10.068,0.029,0.883,0.0,0.0984,0.52,64.934,hip hop
1856,142273,1,0.963,0.346,-9.309,0.53,0.0355,0.0,0.108,0.562,119.957,hip hop
1860,200853,0,0.845,0.561,-5.253,0.0778,0.211,3.49e-06,0.0383,0.811,109.974,pop
1861,231266,1,0.68,0.578,-5.804,0.04,0.331,0.0,0.135,0.341,145.038,hip hop
1863,221013,1,0.748,0.749,-5.916,0.516,0.142,0.0,0.0713,0.659,90.09,hip hop
1865,196373,1,0.553,0.586,-6.319,0.0362,0.697,0.0,0.0813,0.443,126.684,pop
1866,180493,0,0.856,0.632,-3.692,0.074,0.193,0.0,0.0688,0.697,112.009,pop
1871,186080,0,0.755,0.769,-5.658,0.186,0.314,2.38e-06,0.0628,0.642,114.966,pop
1882,217288,0,0.704,0.859,-4.877,0.0996,0.0185,0.0,0.0215,0.926,105.115,pop
1887,226973,0,0.637,0.713,-4.333,0.0747,0.181,0.000637,0.137,0.243,129.923,pop
1889,217946,1,0.836,0.544,-5.975,0.0943,0.0403,0.0,0.0824,0.51,97.028,pop
1895,235545,1,0.851,0.541,-6.825,0.0505,0.568,0.0,0.13,0.448,124.959,pop
1898,213400,1,0.8,0.585,-7.343,0.0924,0.264,0.0,0.153,0.779,126.058,hip hop
1899,221440,1,0.75,0.56,-8.094,0.105,0.546,0.0,0.111,0.459,140.06,hip hop
1902,190799,0,0.759,0.548,-6.049,0.029,0.0392,0.0,0.0828,0.749,116.967,pop
1903,178626,1,0.778,0.317,-10.732,0.334,0.592,0.0,0.0881,0.327,140.048,pop
1904,157560,0,0.755,0.522,-4.368,0.0575,0.533,0.0,0.0685,0.925,89.96,hip hop
1908,215733,0,0.572,0.385,-6.362,0.0308,0.371,0.0,0.231,0.323,95.799,pop
1909,217466,0,0.601,0.794,-5.844,0.0671,0.00987,1.36e-06,0.388,0.244,114.066,pop
1910,182160,0,0.501,0.405,-5.679,0.0319,0.751,0.0,0.105,0.446,109.891,pop
1913,176631,1,0.894,0.511,-4.768,0.42,0.0251,0.0,0.14,0.568,120.08,hip hop
1914,228759,1,0.861,0.603,-5.788,0.176,0.0521,0.0,0.0924,0.504,98.043,hip hop
1917,189052,0,0.738,0.861,-4.141,0.237,0.318,0.00182,0.325,0.58,131.98,pop
1920,161746,0,0.716,0.823,-5.313,0.0495,0.132,0.0,0.361,0.91,151.957,pop
1923,202192,1,0.641,0.559,-11.132,0.0355,0.404,0.00402,0.0937,0.523,144.982,pop
1925,179449,1,0.791,0.587,-5.075,0.0413,0.407,0.0,0.148,0.536,96.057,hip hop
1927,131240,1,0.745,0.642,-6.257,0.287,0.0204,0.0,0.0658,0.226,179.974,hip hop
1928,252906,1,0.863,0.471,-9.545,0.478,0.251,0.0,0.121,0.644,140.969,pop
1933,149546,1,0.829,0.539,-7.359,0.208,0.136,1.78e-06,0.103,0.388,99.96,hip hop
1934,202333,1,0.786,0.658,-2.61,0.0661,0.0856,0.0,0.0689,0.458,170.037,pop
1935,189486,1,0.581,0.662,-5.239,0.303,0.0153,0.0,0.111,0.434,93.023,hip hop
1941,166560,1,0.772,0.639,-7.119,0.467,0.15,0.0,0.0698,0.261,168.112,hip hop
1942,240050,1,0.685,0.692,-5.122,0.0457,0.328,0.0,0.153,0.578,159.966,hip hop
1943,288624,1,0.837,0.636,-7.643,0.086,0.0395,0.00125,0.342,0.274,145.972,hip hop
1946,207038,0,0.74,0.498,-6.684,0.0456,0.0169,0.00282,0.319,0.652,98.016,pop
1949,190440,1,0.726,0.554,-5.29,0.0917,0.0421,0.0,0.106,0.335,169.999,pop
1950,241293,1,0.812,0.496,-5.969,0.297,0.271,0.0,0.0955,0.55,109.979,hip hop
1951,187436,0,0.719,0.704,-4.724,0.0476,0.0691,0.0,0.166,0.628,133.002,pop
1952,183290,0,0.794,0.793,-4.521,0.0842,0.0125,0.0,0.0952,0.677,123.941,pop
1953,214203,1,0.531,0.581,-5.801,0.101,0.0107,1.62e-05,0.101,0.591,137.776,hip hop
1955,189733,1,0.885,0.762,-5.513,0.216,0.219,0.0,0.162,0.605,138.058,pop
1958,209438,0,0.824,0.588,-6.4,0.0924,0.692,0.000104,0.149,0.513,98.027,pop
1959,186106,1,0.4,0.795,-3.731,0.461,0.119,0.0,0.159,0.702,190.097,pop
1961,183026,0,0.682,0.656,-4.67,0.0435,0.0737,0.0,0.353,0.607,130.089,pop
1963,213593,1,0.837,0.364,-11.713,0.276,0.149,0.0,0.271,0.463,123.984,hip hop
1966,129264,1,0.906,0.382,-12.89,0.269,0.18,0.0,0.113,0.391,104.025,hip hop
1967,163320,1,0.876,0.662,-6.482,0.426,0.0608,0.0,0.127,0.844,75.445,hip hop
1970,229773,0,0.645,0.862,-4.757,0.0965,0.0923,0.0,0.192,0.798,119.991,pop
1972,183000,0,0.795,0.496,-5.883,0.0722,0.108,0.0,0.0645,0.874,94.01,pop
1973,157492,0,0.505,0.428,-5.604,0.221,0.489,0.0,0.0977,0.618,175.813,pop
1975,190066,1,0.554,0.498,-8.866,0.0685,0.23,5.98e-06,0.795,0.413,79.635,hip hop
1984,231266,1,0.68,0.578,-5.804,0.04,0.331,0.0,0.135,0.341,145.038,hip hop
1985,206186,1,0.746,0.787,-6.373,0.12,0.214,0.0,0.0669,0.607,95.005,pop
1990,202204,0,0.477,0.682,-4.931,0.0925,0.153,0.0,0.0763,0.345,110.567,pop
1994,174960,1,0.58,0.653,-3.818,0.0745,0.447,0.0,0.111,0.175,150.231,hip hop
1995,181026,0,0.842,0.734,-5.065,0.0588,0.0427,0.0,0.106,0.952,137.958,pop
1996,178426,0,0.552,0.702,-5.707,0.157,0.117,2.06e-05,0.105,0.564,169.994,pop
1998,171029,0,0.741,0.52,-7.513,0.0656,0.45,1.97e-06,0.222,0.347,102.998,pop
1999,215280,0,0.695,0.762,-3.497,0.0395,0.192,0.00244,0.0863,0.553,120.042,hip hop
